10523	plat-principal
10534	dessert
10555	plat-principal
105736	plat-principal
105786	dessert
10584	dessert
105861	plat-principal
10603	plat-principal
10617	plat-principal
10622	entree
10638	entree
10645	entree
10661	plat-principal
10726	dessert
10768	entree
10780	plat-principal
10793	dessert
10824	dessert
10838	entree
10873	plat-principal
10893	entree
10965	plat-principal
10994	entree
11032	plat-principal
11035	plat-principal
11039	plat-principal
11043	dessert
11120	dessert
11127	plat-principal
11154	entree
11172	plat-principal
11238	dessert
11247	plat-principal
112828	plat-principal
11282	plat-principal
11331	plat-principal
11341	dessert
11349	plat-principal
11370	plat-principal
11391	dessert
11398	plat-principal
11417	dessert
11457	dessert
11465	plat-principal
11483	plat-principal
11490	entree
11495	plat-principal
11512	entree
11550	entree
11563	plat-principal
11577	plat-principal
11623	plat-principal
11748	entree
11851	entree
11906	plat-principal
11978	plat-principal
12048	dessert
12052	plat-principal
12061	dessert
12171	plat-principal
12198	plat-principal
12244	plat-principal
12255	dessert
12271	entree
12278	entree
12301	entree
12377	dessert
12400	plat-principal
12418	entree
12442	dessert
12450	dessert
12466	dessert
12474	plat-principal
12545	entree
12609	plat-principal
12626	dessert
12642	plat-principal
12708	dessert
12712	dessert
12733	entree
12773	dessert
12823	entree
12843	entree
12847	plat-principal
12914	plat-principal
12936	entree
12950	dessert
13013	dessert
13036	dessert
13055	entree
13095	plat-principal
13203	dessert
13216	dessert
13220	dessert
13237	plat-principal
13267	entree
13272	dessert
13362	plat-principal
13374	dessert
13385	plat-principal
13396	entree
13409	entree
13412	dessert
13473	plat-principal
13605	plat-principal
13735	entree
13770	plat-principal
13821	plat-principal
13934	dessert
13963	plat-principal
14083	plat-principal
14095	dessert
14110	dessert
14174	dessert
14187	plat-principal
14204	plat-principal
14218	plat-principal
14221	plat-principal
14373	plat-principal
14377	entree
14390	plat-principal
14402	plat-principal
14411	dessert
14418	dessert
14426	entree
14456	plat-principal
14473	plat-principal
14519	plat-principal
14522	plat-principal
14603	entree
14632	dessert
14701	plat-principal
14716	plat-principal
14740	plat-principal
14779	dessert
14782	dessert
14792	dessert
14801	dessert
14825	dessert
14900	plat-principal
14931	plat-principal
14956	entree
14991	entree
15033	dessert
15065	plat-principal
15115	entree
15197	dessert
15221	plat-principal
15244	plat-principal
15249	dessert
15315	entree
15361	plat-principal
15365	plat-principal
15372	dessert
15422	plat-principal
15429	entree
15436	entree
15451	entree
15504	plat-principal
15508	entree
15513	dessert
15530	plat-principal
15552	dessert
15555	entree
15577	plat-principal
15578	plat-principal
15582	entree
15597	plat-principal
15599	plat-principal
15611	plat-principal
15614	entree
15684	entree
15696	plat-principal
15702	plat-principal
15712	plat-principal
15725	plat-principal
15731	plat-principal
15748	plat-principal
15805	plat-principal
15838	plat-principal
15866	dessert
15965	entree
15983	plat-principal
16003	dessert
16013	dessert
16056	plat-principal
16111	dessert
16135	plat-principal
16147	entree
16214	dessert
16239	plat-principal
16242	plat-principal
16290	plat-principal
16346	plat-principal
16353	entree
16359	entree
16382	dessert
16397	entree
16419	plat-principal
164498	dessert
164500	dessert
164633	plat-principal
164665	entree
16467	entree
164710	dessert
164803	entree
16492	entree
164985	plat-principal
165049	entree
165057	plat-principal
165069	dessert
16506	dessert
165165	entree
165212	dessert
165257	plat-principal
165306	plat-principal
165311	plat-principal
165411	dessert
165453	plat-principal
165499	plat-principal
165669	dessert
165696	plat-principal
165759	entree
165836	plat-principal
165849	entree
165890	plat-principal
165894	entree
165901	plat-principal
165918	plat-principal
165925	plat-principal
166054	plat-principal
166101	plat-principal
166105	plat-principal
166113	plat-principal
166157	plat-principal
16629	entree
166392	dessert
166496	plat-principal
166507	plat-principal
166519	dessert
16655	plat-principal
166562	dessert
16662	dessert
16670	dessert
166733	plat-principal
166766	plat-principal
166774	dessert
166839	plat-principal
166927	entree
166969	entree
167019	plat-principal
16707	plat-principal
167086	plat-principal
167127	entree
167140	plat-principal
167150	dessert
167170	plat-principal
167193	plat-principal
16721	plat-principal
167236	dessert
167256	dessert
167359	plat-principal
167385	plat-principal
167462	entree
167515	entree
16759	plat-principal
167677	plat-principal
167701	plat-principal
167731	dessert
167738	dessert
167745	plat-principal
167753	dessert
16775	dessert
167843	plat-principal
167848	plat-principal
167868	plat-principal
167896	entree
167902	dessert
16811	plat-principal
168198	entree
168239	plat-principal
168281	dessert
168360	entree
168442	dessert
168480	plat-principal
168488	entree
168510	dessert
168535	dessert
168545	dessert
168556	entree
168653	plat-principal
168668	plat-principal
168716	dessert
168717	entree
168731	entree
16873	plat-principal
168767	dessert
168817	plat-principal
16883	dessert
168843	plat-principal
16888	dessert
168971	plat-principal
16902	plat-principal
169063	entree
16906	plat-principal
169195	dessert
169204	plat-principal
16923	plat-principal
169283	plat-principal
169291	plat-principal
16931	entree
169472	entree
169556	plat-principal
169730	plat-principal
16986	plat-principal
169981	dessert
170017	entree
170143	plat-principal
170150	dessert
170207	dessert
170219	entree
170233	dessert
170282	plat-principal
17035	entree
17043	plat-principal
170450	dessert
170486	plat-principal
170490	plat-principal
170603	plat-principal
170729	plat-principal
17078	dessert
170861	entree
170879	plat-principal
170912	dessert
171020	plat-principal
171059	dessert
171124	plat-principal
171217	plat-principal
171334	plat-principal
171388	plat-principal
17149	dessert
171523	plat-principal
171685	dessert
17188	dessert
171908	dessert
171934	dessert
17195	dessert
172039	plat-principal
172094	plat-principal
17212	entree
172236	plat-principal
172286	plat-principal
17242	entree
172467	plat-principal
172512	plat-principal
172571	entree
17258	plat-principal
172633	plat-principal
17267	entree
172709	plat-principal
172743	plat-principal
172789	plat-principal
17291	dessert
173027	plat-principal
173047	entree
173197	plat-principal
17322	plat-principal
173332	plat-principal
17337	entree
173577	entree
173582	plat-principal
173648	plat-principal
173672	plat-principal
174013	plat-principal
17423	dessert
174394	plat-principal
17468	dessert
174696	plat-principal
174839	plat-principal
17485	dessert
174904	dessert
17490	entree
174986	entree
175115	dessert
175120	plat-principal
175223	dessert
175257	plat-principal
175285	plat-principal
17536	dessert
17542	plat-principal
17544	entree
175487	plat-principal
17559	dessert
175671	entree
175859	dessert
175935	plat-principal
175952	dessert
175966	plat-principal
17601	plat-principal
17605	plat-principal
176070	dessert
176108	entree
176125	plat-principal
17622	dessert
17648	entree
17654	entree
17670	plat-principal
17686	dessert
17702	dessert
17718	plat-principal
177205	entree
1778	entree
17822	plat-principal
17825	dessert
17856	dessert
17899	plat-principal
17909	entree
17947	plat-principal
17980	plat-principal
18020	plat-principal
18052	entree
18074	plat-principal
18159	plat-principal
18208	dessert
18214	entree
18298	dessert
18394	dessert
18410	plat-principal
18422	dessert
18476	plat-principal
18480	dessert
18494	dessert
18521	dessert
18541	plat-principal
18572	entree
18687	entree
18697	dessert
18726	dessert
18763	plat-principal
18764	entree
18819	plat-principal
18836	entree
18841	plat-principal
18922	plat-principal
18968	entree
18973	plat-principal
18986	entree
19006	plat-principal
19036	plat-principal
19070	dessert
19083	entree
19110	plat-principal
19175	plat-principal
19179	dessert
19192	plat-principal
19235	dessert
19327	plat-principal
19364	entree
19422	plat-principal
194318	plat-principal
194598	plat-principal
194654	entree
19472	plat-principal
194758	plat-principal
194854	dessert
194878	plat-principal
194936	entree
194955	dessert
195157	plat-principal
195226	plat-principal
195248	dessert
195467	entree
195470	entree
195499	entree
19549	entree
195590	plat-principal
195607	plat-principal
19570	dessert
19621	plat-principal
19636	dessert
19661	dessert
19665	plat-principal
19724	plat-principal
197442	dessert
197468	plat-principal
19747	plat-principal
197537	plat-principal
19760	plat-principal
19773	plat-principal
19808	plat-principal
19835	plat-principal
19839	plat-principal
19852	plat-principal
19860	plat-principal
19926	dessert
20001	plat-principal
20030	plat-principal
20079	plat-principal
20086	entree
20098	plat-principal
201033	plat-principal
201180	plat-principal
201244	entree
201256	entree
201266	plat-principal
201276	entree
20132	entree
201370	plat-principal
20154	dessert
20187	dessert
20202	dessert
20234	plat-principal
20278	plat-principal
20292	plat-principal
20315	plat-principal
20329	plat-principal
20430	entree
20435	dessert
20455	entree
20465	plat-principal
20481	plat-principal
20523	entree
20543	plat-principal
20598	entree
20609	entree
20610	dessert
20663	plat-principal
20693	plat-principal
20704	dessert
20793	dessert
20816	dessert
20838	plat-principal
20840	plat-principal
20875	entree
20917	plat-principal
20922	plat-principal
20960	dessert
20985	entree
21011	plat-principal
21042	plat-principal
21059	entree
21071	plat-principal
21104	dessert
21133	plat-principal
211359	dessert
21141	plat-principal
21156	plat-principal
21166	entree
211723	plat-principal
211831	plat-principal
211857	plat-principal
211860	entree
211966	plat-principal
212101	dessert
212318	dessert
212350	plat-principal
212450	entree
212506	plat-principal
212525	dessert
212546	dessert
212721	plat-principal
212805	dessert
213045	plat-principal
21338	entree
21357	entree
21385	plat-principal
21388	plat-principal
21451	entree
21458	plat-principal
21475	entree
21495	entree
21510	plat-principal
21511	dessert
21524	entree
21531	entree
21536	dessert
21581	plat-principal
21622	plat-principal
21629	plat-principal
21678	dessert
217248	plat-principal
217307	plat-principal
217343	entree
21741	dessert
217625	dessert
21787	entree
21796	dessert
217998	entree
21802	plat-principal
218063	dessert
21811	plat-principal
218129	plat-principal
218176	plat-principal
218240	plat-principal
218431	entree
21845	plat-principal
21850	plat-principal
21853	plat-principal
21860	plat-principal
218726	plat-principal
218785	plat-principal
21882	entree
218859	entree
218921	plat-principal
218933	plat-principal
219154	plat-principal
21919	entree
21925	dessert
219265	plat-principal
219487	plat-principal
219580	entree
219617	dessert
219635	plat-principal
219825	plat-principal
220102	plat-principal
220131	plat-principal
220272	plat-principal
22028	entree
220307	plat-principal
22034	dessert
220359	plat-principal
22045	plat-principal
220469	plat-principal
220511	plat-principal
220572	entree
220613	entree
220618	dessert
220643	dessert
22068	entree
220773	entree
22080	entree
220895	plat-principal
22093	dessert
220966	entree
221005	dessert
221087	dessert
221173	entree
221198	plat-principal
221213	plat-principal
22142	plat-principal
221442	plat-principal
22154	dessert
221559	entree
22158	entree
221605	entree
221625	plat-principal
221771	plat-principal
221897	plat-principal
221918	plat-principal
222172	dessert
222210	plat-principal
222304	dessert
22231	plat-principal
222424	plat-principal
222447	dessert
222526	dessert
222597	entree
222601	plat-principal
222606	dessert
22263	entree
222714	dessert
222759	plat-principal
222838	dessert
223041	plat-principal
22313	plat-principal
223157	plat-principal
223191	plat-principal
223303	dessert
223316	plat-principal
22338	plat-principal
223409	entree
223424	entree
223510	plat-principal
223514	dessert
223529	entree
22356	dessert
223587	plat-principal
22374	entree
223804	dessert
223878	plat-principal
224073	entree
224131	entree
224133	plat-principal
224224	entree
224267	plat-principal
224329	dessert
224393	plat-principal
224425	dessert
224453	plat-principal
22445	plat-principal
224567	dessert
224679	plat-principal
224792	plat-principal
224810	plat-principal
224819	entree
22483	entree
224892	dessert
22492	plat-principal
224942	entree
224963	dessert
225041	dessert
22504	dessert
225096	plat-principal
225100	entree
22514	entree
225206	plat-principal
225266	entree
225398	dessert
225419	entree
22541	plat-principal
225426	plat-principal
225478	entree
225506	plat-principal
225615	plat-principal
225650	plat-principal
22567	plat-principal
225684	plat-principal
22570	plat-principal
225735	plat-principal
225741	plat-principal
225781	plat-principal
225845	dessert
22586	plat-principal
225884	plat-principal
225893	dessert
22589	dessert
22590	dessert
225939	dessert
225945	plat-principal
22639	entree
22645	plat-principal
22666	dessert
22681	plat-principal
22699	plat-principal
22706	plat-principal
22720	dessert
22727	plat-principal
22753	dessert
22757	plat-principal
227582	plat-principal
227619	entree
22761	dessert
227639	plat-principal
227653	dessert
227672	plat-principal
227696	dessert
227745	dessert
227963	dessert
22801	plat-principal
228027	dessert
228049	dessert
228107	plat-principal
228113	dessert
228122	entree
22812	plat-principal
228133	dessert
228161	dessert
228181	plat-principal
228215	dessert
228223	entree
228272	dessert
22835	plat-principal
228511	plat-principal
228571	plat-principal
22875	plat-principal
228769	dessert
22887	plat-principal
228926	entree
229059	plat-principal
229079	dessert
229080	dessert
229107	dessert
229116	plat-principal
229158	dessert
229330	plat-principal
229361	dessert
229394	entree
22939	dessert
22942	dessert
229475	entree
229518	entree
229526	dessert
22960	plat-principal
229619	plat-principal
229678	plat-principal
229708	plat-principal
22971	plat-principal
229794	plat-principal
22983	plat-principal
229843	plat-principal
229927	plat-principal
230018	plat-principal
230033	dessert
230049	entree
230084	dessert
230095	plat-principal
230121	plat-principal
230150	entree
230171	dessert
23038	entree
23051	entree
23091	dessert
23101	plat-principal
23107	plat-principal
23121	dessert
23152	dessert
23165	entree
23174	plat-principal
23211	plat-principal
23229	plat-principal
23260	plat-principal
23267	dessert
23289	entree
23355	plat-principal
23372	plat-principal
23501	dessert
23516	plat-principal
23523	dessert
23541	entree
23594	entree
23610	dessert
23629	dessert
23638	entree
23657	dessert
23703	plat-principal
23729	plat-principal
23782	plat-principal
23822	plat-principal
23827	plat-principal
23872	dessert
23877	plat-principal
23933	dessert
23942	plat-principal
23969	plat-principal
23985	plat-principal
24023	entree
24050	plat-principal
24079	plat-principal
24126	plat-principal
24130	plat-principal
24175	dessert
24238	plat-principal
24269	plat-principal
24273	dessert
24283	entree
24312	dessert
24320	plat-principal
24354	plat-principal
24398	plat-principal
24402	entree
24417	plat-principal
24420	dessert
24436	dessert
24454	plat-principal
24469	plat-principal
24484	plat-principal
24517	dessert
24524	entree
24552	dessert
24580	entree
24603	plat-principal
24620	plat-principal
24639	entree
24652	plat-principal
24680	dessert
24753	dessert
24755	plat-principal
24767	entree
24778	entree
24794	plat-principal
24809	plat-principal
24814	dessert
24822	plat-principal
24825	dessert
24831	dessert
24841	entree
24862	plat-principal
24885	dessert
24911	plat-principal
24939	plat-principal
24949	dessert
25024	plat-principal
25028	plat-principal
25069	plat-principal
25074	entree
25098	dessert
25118	dessert
25120	plat-principal
25152	plat-principal
25167	dessert
25180	plat-principal
25189	entree
25211	plat-principal
25233	plat-principal
25240	plat-principal
25259	entree
25302	dessert
25363	plat-principal
25377	plat-principal
25389	plat-principal
25445	plat-principal
25488	dessert
25513	plat-principal
25518	plat-principal
25527	entree
25576	plat-principal
25646	plat-principal
25666	plat-principal
25688	dessert
25694	plat-principal
25700	plat-principal
25709	dessert
25714	plat-principal
25783	plat-principal
25806	dessert
25838	plat-principal
25857	entree
25882	dessert
25904	plat-principal
25922	entree
25947	plat-principal
25959	plat-principal
25974	plat-principal
26238	dessert
26260	dessert
26301	dessert
26309	entree
26318	entree
26334	dessert
26341	plat-principal
26361	dessert
26383	dessert
26433	plat-principal
26466	entree
26507	plat-principal
26513	dessert
26538	plat-principal
26552	plat-principal
26574	plat-principal
26588	entree
26622	plat-principal
26649	dessert
26655	plat-principal
26668	dessert
26680	plat-principal
26689	plat-principal
26705	dessert
26722	plat-principal
26742	plat-principal
26791	entree
26823	plat-principal
26849	entree
26858	plat-principal
26862	plat-principal
26913	dessert
26992	entree
27059	plat-principal
27061	dessert
27150	plat-principal
27167	entree
27186	plat-principal
27203	dessert
27234	dessert
27254	plat-principal
27277	plat-principal
27294	dessert
27299	entree
27317	plat-principal
27322	dessert
27332	entree
27357	entree
27374	plat-principal
27397	dessert
27478	plat-principal
27482	entree
27486	plat-principal
27498	plat-principal
27526	entree
27547	entree
27551	entree
27633	plat-principal
27648	plat-principal
27689	dessert
27705	plat-principal
27723	entree
27776	plat-principal
27781	plat-principal
27799	plat-principal
27804	entree
27832	plat-principal
27839	plat-principal
27852	plat-principal
27883	plat-principal
27897	entree
27899	plat-principal
27934	plat-principal
27968	dessert
27975	plat-principal
27981	entree
27987	plat-principal
28053	plat-principal
28071	plat-principal
28087	plat-principal
28110	plat-principal
28132	plat-principal
28184	entree
28261	dessert
28293	plat-principal
28319	entree
28338	plat-principal
28505	dessert
28525	plat-principal
28549	entree
28553	entree
28572	plat-principal
28605	plat-principal
28654	plat-principal
28655	plat-principal
28700	dessert
28765	plat-principal
28780	plat-principal
28833	plat-principal
28858	plat-principal
28881	entree
28888	plat-principal
28934	entree
28948	entree
28957	dessert
28964	plat-principal
28977	dessert
28992	plat-principal
29027	entree
29039	dessert
29048	dessert
29064	plat-principal
29072	dessert
29100	plat-principal
29115	entree
29122	dessert
29138	entree
29145	plat-principal
29189	plat-principal
29274	entree
29318	dessert
29351	plat-principal
29358	entree
29378	dessert
29387	plat-principal
29394	dessert
29416	dessert
29459	plat-principal
29496	plat-principal
29525	plat-principal
29615	dessert
29711	plat-principal
29731	dessert
29747	entree
29754	plat-principal
29802	plat-principal
29806	entree
29856	dessert
29860	plat-principal
29876	entree
29916	dessert
29944	plat-principal
29955	plat-principal
29979	plat-principal
29983	plat-principal
30015	entree
30037	entree
30058	dessert
30086	plat-principal
30105	dessert
30184	plat-principal
30207	entree
30218	plat-principal
30298	plat-principal
30339	dessert
30371	plat-principal
30382	plat-principal
30390	entree
30403	entree
30417	plat-principal
30447	plat-principal
30449	dessert
30452	entree
30464	plat-principal
30473	plat-principal
30518	dessert
30538	entree
30564	entree
30597	entree
30644	entree
30649	plat-principal
30682	entree
30739	dessert
30766	dessert
30778	plat-principal
30788	plat-principal
30799	dessert
30833	dessert
30888	plat-principal
30902	entree
30936	plat-principal
30943	dessert
30952	plat-principal
30965	plat-principal
31056	plat-principal
31069	plat-principal
31072	dessert
31076	entree
31097	entree
31144	dessert
31195	entree
31233	dessert
31273	dessert
31282	plat-principal
31311	dessert
31463	entree
31489	dessert
31508	entree
31612	plat-principal
31624	plat-principal
31654	plat-principal
31675	entree
31733	dessert
31787	dessert
31818	entree
31871	dessert
31925	plat-principal
31976	dessert
32120	plat-principal
32148	plat-principal
32163	entree
32184	plat-principal
32190	plat-principal
32207	plat-principal
32350	plat-principal
32361	plat-principal
32373	plat-principal
32430	dessert
32468	plat-principal
32489	plat-principal
32505	plat-principal
32608	plat-principal
32647	entree
32682	plat-principal
32761	dessert
32848	entree
32866	plat-principal
32898	plat-principal
32941	plat-principal
32992	entree
33007	dessert
33059	dessert
33103	dessert
33145	plat-principal
33203	entree
33210	plat-principal
33223	plat-principal
33231	plat-principal
33289	plat-principal
33292	plat-principal
33320	entree
33343	plat-principal
33388	plat-principal
33457	plat-principal
33474	entree
33519	dessert
33535	plat-principal
33581	plat-principal
33618	plat-principal
33639	entree
33715	dessert
33725	plat-principal
33739	plat-principal
33741	dessert
33795	entree
33806	plat-principal
33816	plat-principal
33845	entree
33875	plat-principal
33886	dessert
34077	plat-principal
34093	dessert
34107	dessert
34112	dessert
34127	dessert
34158	plat-principal
34181	entree
34379	plat-principal
34390	entree
34394	entree
34400	plat-principal
34430	dessert
34505	plat-principal
34581	dessert
34648	dessert
34683	plat-principal
34695	plat-principal
34730	dessert
34779	dessert
34829	plat-principal
34839	entree
34843	entree
34999	entree
35028	plat-principal
35079	plat-principal
35095	dessert
35163	plat-principal
35170	dessert
35221	plat-principal
35247	plat-principal
35262	dessert
35292	dessert
35308	entree
35338	dessert
35351	entree
35542	dessert
35551	plat-principal
35598	entree
35615	dessert
35624	dessert
35632	dessert
35701	plat-principal
35846	plat-principal
35873	dessert
35882	dessert
35893	dessert
35903	entree
35932	plat-principal
35976	plat-principal
36048	plat-principal
36065	dessert
36136	plat-principal
36170	plat-principal
36180	plat-principal
36200	plat-principal
36237	dessert
36283	plat-principal
36287	plat-principal
36306	plat-principal
36325	plat-principal
36387	plat-principal
36409	dessert
36476	entree
36533	plat-principal
36655	plat-principal
36686	dessert
36768	plat-principal
36807	entree
36845	plat-principal
36924	plat-principal
36939	plat-principal
36944	dessert
36973	plat-principal
37066	dessert
37095	plat-principal
37141	entree
37170	dessert
37177	dessert
37187	entree
37196	plat-principal
37205	plat-principal
37238	dessert
37270	plat-principal
37316	entree
37326	plat-principal
37335	dessert
37365	plat-principal
37386	plat-principal
37414	plat-principal
37429	dessert
37431	plat-principal
37444	plat-principal
37461	plat-principal
37504	plat-principal
37518	dessert
37544	dessert
37605	dessert
37616	dessert
37642	plat-principal
37667	dessert
37683	entree
37737	dessert
37745	entree
37754	entree
37793	plat-principal
37814	dessert
37840	plat-principal
37887	plat-principal
37904	dessert
37967	dessert
38002	entree
38024	entree
38140	plat-principal
38166	plat-principal
38225	plat-principal
38317	entree
38443	dessert
38539	entree
38566	dessert
38583	entree
38664	dessert
38701	dessert
38795	dessert
38817	plat-principal
38840	plat-principal
38869	dessert
38945	plat-principal
38993	plat-principal
39036	dessert
39045	entree
39169	plat-principal
39170	plat-principal
39286	dessert
39311	entree
39326	dessert
39370	plat-principal
39443	plat-principal
39481	dessert
39503	dessert
39548	plat-principal
39603	dessert
39742	plat-principal
39771	plat-principal
39786	dessert
39891	dessert
39930	dessert
39940	plat-principal
39961	dessert
39996	dessert
40029	entree
40105	plat-principal
40154	entree
40184	entree
40206	plat-principal
40214	plat-principal
40233	plat-principal
40324	entree
40413	plat-principal
40444	plat-principal
40538	entree
40560	entree
40572	plat-principal
40605	entree
40615	plat-principal
40647	plat-principal
40679	plat-principal
40695	entree
40699	dessert
40700	plat-principal
40734	dessert
40771	dessert
40834	plat-principal
40839	dessert
40870	dessert
40872	plat-principal
40877	entree
41059	dessert
41074	entree
41087	dessert
41101	plat-principal
41174	plat-principal
41190	plat-principal
41203	plat-principal
41212	plat-principal
41250	plat-principal
41257	entree
41272	dessert
41278	plat-principal
41302	entree
41351	plat-principal
41399	plat-principal
41445	entree
41478	dessert
41490	plat-principal
41554	plat-principal
41633	entree
41669	plat-principal
41683	plat-principal
41705	dessert
41740	entree
41752	entree
41779	entree
41848	plat-principal
41863	dessert
42002	plat-principal
42020	entree
42121	dessert
42195	plat-principal
42273	plat-principal
42308	dessert
42367	plat-principal
42403	dessert
42495	dessert
42601	plat-principal
42618	plat-principal
42687	plat-principal
42751	plat-principal
42792	plat-principal
42834	plat-principal
42904	dessert
42910	plat-principal
42926	dessert
42928	plat-principal
42978	plat-principal
42982	plat-principal
42998	entree
43023	dessert
43113	plat-principal
43137	entree
43312	plat-principal
43429	dessert
43447	plat-principal
43602	dessert
43635	entree
43735	plat-principal
43784	dessert
43786	dessert
43792	entree
43829	dessert
43915	plat-principal
43929	entree
44014	plat-principal
44018	dessert
44037	entree
44044	plat-principal
44067	plat-principal
44125	entree
44164	entree
44210	entree
44311	plat-principal
44490	dessert
44522	plat-principal
44529	plat-principal
44542	plat-principal
44682	dessert
44700	entree
44712	entree
44774	entree
44941	plat-principal
44951	plat-principal
45045	dessert
45187	dessert
45189	dessert
45271	plat-principal
45346	dessert
45356	dessert
45364	plat-principal
45372	plat-principal
45395	dessert
45466	plat-principal
45481	plat-principal
45650	dessert
45738	dessert
45782	dessert
45869	plat-principal
45883	entree
45896	plat-principal
45941	plat-principal
46100	plat-principal
46124	entree
46172	entree
46191	dessert
46335	entree
46352	plat-principal
46409	dessert
46412	plat-principal
46626	dessert
46631	plat-principal
46684	plat-principal
46705	dessert
46715	entree
46736	plat-principal
46741	plat-principal
46814	dessert
46875	plat-principal
46922	entree
46975	plat-principal
46996	dessert
47068	dessert
47203	dessert
47243	entree
47316	plat-principal
47357	entree
47407	dessert
47511	plat-principal
47581	dessert
47600	dessert
47646	dessert
47768	plat-principal
47888	dessert
47981	plat-principal
48002	plat-principal
48020	entree
48070	dessert
48080	dessert
48108	plat-principal
48136	dessert
48139	entree
48142	plat-principal
48203	plat-principal
48224	dessert
48258	plat-principal
48321	entree
48346	entree
48462	entree
48493	entree
48552	dessert
48563	dessert
48604	plat-principal
48684	plat-principal
48738	plat-principal
48741	entree
48817	dessert
48866	entree
48890	plat-principal
48940	dessert
48990	plat-principal
49052	dessert
49159	entree
49255	entree
49333	dessert
49447	plat-principal
49464	plat-principal
49493	plat-principal
49536	plat-principal
49545	entree
49550	entree
49665	dessert
49758	plat-principal
49794	plat-principal
49823	plat-principal
49953	plat-principal
50105	plat-principal
50143	plat-principal
50278	entree
50363	dessert
50445	plat-principal
50472	entree
50479	dessert
50516	plat-principal
50550	entree
50561	entree
50622	entree
50706	entree
50712	plat-principal
50748	plat-principal
50750	dessert
50754	plat-principal
50816	plat-principal
50828	plat-principal
51059	dessert
51080	entree
51117	entree
51125	dessert
51133	plat-principal
51156	entree
51161	dessert
51168	plat-principal
51172	dessert
51231	dessert
51236	entree
51244	plat-principal
51265	dessert
51289	plat-principal
51294	entree
51390	plat-principal
51405	dessert
51428	entree
51501	plat-principal
51535	plat-principal
51550	dessert
51616	entree
51632	plat-principal
51757	entree
51760	entree
51888	plat-principal
51908	dessert
52045	plat-principal
52098	dessert
52119	plat-principal
52121	dessert
52133	entree
52196	dessert
52227	entree
52234	entree
52241	plat-principal
52266	plat-principal
52290	entree
52305	plat-principal
52310	dessert
52391	plat-principal
52427	entree
52486	plat-principal
52513	plat-principal
52621	dessert
52625	plat-principal
52633	entree
52663	dessert
52768	plat-principal
52826	plat-principal
52940	plat-principal
52947	dessert
52953	plat-principal
53062	entree
53087	dessert
53152	entree
53165	plat-principal
53195	entree
53388	plat-principal
53427	plat-principal
53449	dessert
53468	dessert
53537	dessert
53580	dessert
53601	plat-principal
53619	plat-principal
53626	plat-principal
53630	plat-principal
53639	plat-principal
53644	entree
53677	plat-principal
53729	plat-principal
53850	entree
53857	plat-principal
53878	plat-principal
54031	entree
54044	dessert
54105	dessert
54118	dessert
54144	dessert
54159	dessert
54186	plat-principal
54189	dessert
54218	dessert
54253	entree
54258	plat-principal
54279	dessert
54317	plat-principal
54334	dessert
54346	dessert
54543	plat-principal
54588	dessert
54626	plat-principal
54659	dessert
54688	dessert
54693	plat-principal
54780	dessert
54794	plat-principal
54818	dessert
54849	plat-principal
54850	plat-principal
54879	dessert
54915	entree
54942	plat-principal
55011	plat-principal
55018	dessert
55085	plat-principal
55098	plat-principal
55118	dessert
55168	plat-principal
55210	plat-principal
55317	plat-principal
55351	entree
55355	dessert
55375	plat-principal
55493	dessert
55645	plat-principal
55670	plat-principal
55836	dessert
55839	plat-principal
55874	plat-principal
55899	entree
55984	plat-principal
56051	plat-principal
56091	plat-principal
56105	plat-principal
56110	dessert
56149	plat-principal
56219	plat-principal
56334	plat-principal
56340	entree
56373	plat-principal
56381	plat-principal
56390	entree
56426	plat-principal
56543	plat-principal
56594	entree
56664	entree
56669	plat-principal
56674	plat-principal
56697	plat-principal
56797	entree
56824	dessert
56862	plat-principal
56918	dessert
56934	plat-principal
56993	plat-principal
57028	entree
57088	plat-principal
57092	plat-principal
57093	dessert
57107	dessert
57133	dessert
57162	plat-principal
57235	entree
57243	entree
57278	plat-principal
57319	dessert
57320	plat-principal
57336	dessert
57368	plat-principal
57404	dessert
57455	dessert
57472	entree
57479	dessert
57512	plat-principal
57530	dessert
57571	plat-principal
57593	dessert
57626	entree
57670	plat-principal
57697	plat-principal
57726	plat-principal
57768	entree
57837	plat-principal
57872	entree
57936	plat-principal
58012	dessert
58019	dessert
58043	entree
58091	dessert
58134	entree
58216	dessert
58281	entree
58293	plat-principal
58337	plat-principal
58357	plat-principal
58365	plat-principal
58398	plat-principal
58482	plat-principal
58532	entree
58680	plat-principal
58734	entree
58757	plat-principal
58842	plat-principal
58868	entree
58891	dessert
58929	plat-principal
58953	plat-principal
58984	plat-principal
58990	dessert
59053	plat-principal
59140	plat-principal
59225	entree
59244	dessert
59252	plat-principal
59269	plat-principal
59273	entree
59293	plat-principal
59362	dessert
59382	plat-principal
59400	plat-principal
59456	dessert
59503	dessert
59514	entree
59527	plat-principal
59548	entree
59560	plat-principal
59696	plat-principal
59699	plat-principal
59745	plat-principal
59874	entree
59902	plat-principal
59917	plat-principal
59925	dessert
59934	plat-principal
59946	plat-principal
60130	dessert
60187	dessert
60191	entree
60217	entree
60224	plat-principal
60268	plat-principal
60391	plat-principal
60415	entree
60451	dessert
60463	plat-principal
60563	dessert
60636	plat-principal
60651	plat-principal
60678	plat-principal
60695	plat-principal
60785	entree
60892	dessert
60950	plat-principal
61014	dessert
61194	entree
61434	entree
61489	dessert
61643	plat-principal
61650	plat-principal
61713	plat-principal
61787	dessert
61793	entree
62056	dessert
62123	dessert
62156	entree
62275	dessert
62360	dessert
62401	plat-principal
62408	dessert
62438	entree
62484	entree
62509	plat-principal
62512	plat-principal
62549	dessert
62637	dessert
62661	plat-principal
62693	dessert
62726	plat-principal
62731	dessert
62779	plat-principal
62870	plat-principal
62883	plat-principal
62971	entree
62980	dessert
62989	entree
63042	plat-principal
63100	plat-principal
63126	entree
63224	dessert
63240	dessert
63255	plat-principal
63267	plat-principal
63341	plat-principal
63371	plat-principal
63426	plat-principal
63492	entree
63496	entree
63615	plat-principal
63643	plat-principal
63709	plat-principal
63717	plat-principal
63745	entree
63766	plat-principal
63866	dessert
63885	dessert
63886	entree
63890	entree
63903	plat-principal
63968	dessert
64066	plat-principal
64079	plat-principal
64125	dessert
64155	dessert
64176	plat-principal
64273	plat-principal
64382	entree
64389	dessert
64433	plat-principal
64443	dessert
64477	entree
64650	entree
64690	plat-principal
64899	dessert
64994	entree
65036	entree
65061	entree
65096	entree
65102	dessert
65115	dessert
65149	plat-principal
65161	plat-principal
65166	plat-principal
65179	plat-principal
65180	plat-principal
65297	plat-principal
65318	entree
65325	plat-principal
65334	plat-principal
65412	dessert
65462	plat-principal
65496	entree
65547	entree
65583	dessert
65598	plat-principal
65601	dessert
65694	entree
65712	plat-principal
65735	plat-principal
65744	dessert
65762	plat-principal
65785	dessert
65811	entree
65841	dessert
65859	entree
65942	entree
65978	dessert
66027	plat-principal
66042	entree
66269	plat-principal
66318	dessert
66356	entree
66366	plat-principal
66374	dessert
66475	dessert
66490	plat-principal
66507	entree
66513	plat-principal
66518	plat-principal
66558	dessert
66644	dessert
66672	dessert
66675	plat-principal
66782	entree
66826	plat-principal
66848	plat-principal
66900	dessert
66910	plat-principal
67009	dessert
67119	plat-principal
67179	entree
67249	dessert
67290	dessert
67317	plat-principal
67351	entree
67376	entree
67388	plat-principal
67408	plat-principal
67600	plat-principal
67677	plat-principal
67739	plat-principal
67745	plat-principal
67756	plat-principal
67864	plat-principal
67868	plat-principal
67911	plat-principal
67954	entree
68183	plat-principal
68210	plat-principal
68238	plat-principal
68249	dessert
68351	dessert
68410	plat-principal
68442	dessert
68446	dessert
68515	dessert
68673	dessert
68715	entree
68724	plat-principal
68739	dessert
68757	dessert
68885	plat-principal
68908	plat-principal
69027	plat-principal
69060	plat-principal
69077	plat-principal
69091	plat-principal
69123	plat-principal
69158	entree
69160	dessert
69176	plat-principal
69190	plat-principal
69224	plat-principal
69229	plat-principal
69274	plat-principal
69477	plat-principal
69490	plat-principal
69516	plat-principal
69525	plat-principal
69538	plat-principal
69559	entree
69602	plat-principal
69642	plat-principal
69827	plat-principal
69915	plat-principal
69920	entree
69928	entree
69931	plat-principal
69973	dessert
70023	plat-principal
70058	plat-principal
70078	entree
70086	plat-principal
70191	plat-principal
70209	dessert
70270	plat-principal
70326	dessert
70336	dessert
70386	dessert
70413	dessert
70440	plat-principal
70529	dessert
70575	plat-principal
70626	plat-principal
70639	entree
70702	entree
70715	dessert
70767	dessert
70791	dessert
70836	entree
70900	plat-principal
70947	plat-principal
71044	entree
71185	entree
71214	dessert
71227	dessert
71249	plat-principal
71488	dessert
71525	dessert
71550	dessert
71657	dessert
71768	plat-principal
71775	dessert
71790	dessert
71843	dessert
71863	plat-principal
71880	dessert
71993	plat-principal
72062	plat-principal
72090	entree
72117	entree
72121	plat-principal
72173	dessert
72219	dessert
72249	plat-principal
72328	dessert
72334	plat-principal
72343	plat-principal
72383	dessert
72432	plat-principal
72472	plat-principal
72478	entree
72633	entree
72642	dessert
72654	entree
72724	plat-principal
72843	dessert
72850	plat-principal
73041	dessert
73045	plat-principal
73244	dessert
73261	plat-principal
73281	plat-principal
73408	dessert
73436	plat-principal
73529	dessert
73588	dessert
73598	plat-principal
73687	plat-principal
73690	entree
73716	entree
73756	plat-principal
73805	entree
73912	entree
73915	dessert
73980	entree
80011	plat-principal
80030	entree
80055	plat-principal
80140	plat-principal
80150	plat-principal
80163	dessert
80171	dessert
80222	entree
80299	plat-principal
80319	plat-principal
80375	plat-principal
80385	plat-principal
80422	entree
80437	plat-principal
80457	entree
80470	plat-principal
80493	plat-principal
80658	plat-principal
80689	plat-principal
80733	plat-principal
80745	plat-principal
80752	entree
80822	plat-principal
80833	dessert
80847	dessert
80861	entree
80919	entree
80996	dessert
81000	dessert
81035	plat-principal
81050	entree
81066	dessert
81173	plat-principal
81231	plat-principal
81257	plat-principal
81295	plat-principal
81361	plat-principal
81387	plat-principal
81402	plat-principal
81498	plat-principal
81520	entree
81532	dessert
81577	entree
81635	dessert
81689	entree
81722	plat-principal
81742	entree
81757	plat-principal
81763	plat-principal
81819	dessert
81840	dessert
81847	plat-principal
81860	plat-principal
82082	plat-principal
82156	entree
82193	dessert
82254	entree
82267	plat-principal
82286	dessert
82291	dessert
82343	plat-principal
82448	entree
82573	entree
82595	entree
82630	plat-principal
82661	plat-principal
82675	plat-principal
82687	entree
82694	entree
82750	entree
82804	plat-principal
82838	plat-principal
83075	entree
83158	dessert
83190	entree
83240	plat-principal
83275	plat-principal
83312	plat-principal
83353	plat-principal
83377	dessert
83417	plat-principal
83450	plat-principal
83465	plat-principal
83476	dessert
83549	dessert
83551	dessert
83594	dessert
83598	plat-principal
83672	plat-principal
83685	plat-principal
83692	plat-principal
83765	plat-principal
83909	entree
83914	dessert
83930	plat-principal
83950	dessert
83964	plat-principal
83989	entree
84094	plat-principal
84139	entree
84246	dessert
84276	plat-principal
84335	plat-principal
84385	plat-principal
84449	plat-principal
84560	plat-principal
84657	plat-principal
84772	plat-principal
84831	dessert
84870	dessert
84898	dessert
84959	dessert
85025	entree
85219	entree
85319	plat-principal
85437	dessert
85443	plat-principal
85509	dessert
85576	plat-principal
85649	plat-principal
85802	dessert
85874	dessert
85946	dessert
85997	entree
86091	dessert
86165	plat-principal
86242	dessert
86275	plat-principal
86290	dessert
86353	plat-principal
86439	plat-principal
86463	plat-principal
86565	dessert
86587	plat-principal
86590	plat-principal
86629	plat-principal
86718	plat-principal
86818	plat-principal
86821	entree
86859	plat-principal
86868	entree
86894	dessert
86911	plat-principal
86999	plat-principal
87007	dessert
87035	entree
87051	dessert
87062	entree
87120	plat-principal
87182	entree
87307	dessert
87311	plat-principal
87368	plat-principal
87471	entree
87515	plat-principal
87635	dessert
87701	dessert
87786	plat-principal
87844	entree
87879	entree
87988	dessert
88236	entree
88286	plat-principal
88306	dessert
88322	dessert
88502	entree
88551	plat-principal
88718	entree
88776	plat-principal
89127	dessert
89297	plat-principal
89606	dessert
89765	entree
89805	plat-principal
89838	dessert
90145	dessert
90226	dessert
90521	plat-principal
90918	entree
91289	plat-principal
91424	dessert
91775	dessert
91785	plat-principal
91824	entree
92100	plat-principal
92108	dessert
92118	plat-principal
92164	plat-principal
92224	entree
92254	dessert
92284	plat-principal
92364	entree
92378	plat-principal
92406	dessert
92460	dessert
92625	entree
92756	plat-principal
92782	entree
92846	dessert
92982	dessert
93049	dessert
93089	dessert
93239	dessert
93262	plat-principal
93271	entree
93323	entree
93558	dessert
93590	dessert
93658	dessert
93879	dessert
93945	dessert
94009	plat-principal
94080	entree
94124	dessert
94132	plat-principal
94254	plat-principal
94276	plat-principal
94345	dessert
94370	plat-principal
94443	plat-principal
94508	plat-principal
94511	entree
94585	dessert
94707	dessert
94712	entree
94774	dessert
94785	plat-principal
94881	plat-principal
94918	plat-principal
95024	plat-principal
95054	entree
95082	plat-principal
95267	dessert
95349	dessert
95431	plat-principal
95556	entree
95575	entree
95605	plat-principal
95659	plat-principal
95736	dessert
95741	dessert
95918	plat-principal
96111	dessert
96202	plat-principal
96244	dessert
96308	dessert
96519	dessert
