10537	tres-facile
10549	facile
105800	tres-facile
10591	facile
10660	facile
10673	facile
10694	facile
10699	facile
10732	facile
10756	facile
10772	facile
10815	tres-facile
10835	facile
10855	tres-facile
10865	tres-facile
10901	facile
10913	tres-facile
10938	tres-facile
10980	facile
10986	facile
11050	tres-facile
11087	facile
11105	facile
11108	facile
11109	facile
11188	facile
11198	tres-facile
11239	facile
11254	facile
11281	facile
11287	tres-facile
11305	facile
11336	facile
11384	facile
11387	facile
11439	facile
11447	facile
11473	facile
11519	facile
11534	facile
11541	facile
11580	moyennement-difficile
11636	tres-facile
11646	facile
11656	facile
11710	tres-facile
11744	tres-facile
11779	tres-facile
11783	moyennement-difficile
11788	facile
11805	tres-facile
11810	tres-facile
11875	facile
11885	facile
12016	tres-facile
12068	tres-facile
12155	tres-facile
12168	tres-facile
12197	facile
12203	tres-facile
12341	tres-facile
12373	facile
12399	tres-facile
12402	tres-facile
12428	facile
12430	facile
12469	tres-facile
12487	tres-facile
12494	tres-facile
12612	tres-facile
12629	facile
12676	tres-facile
12691	tres-facile
12700	tres-facile
12731	tres-facile
12741	facile
12751	facile
12777	facile
12797	facile
12807	facile
12811	tres-facile
12816	facile
12830	facile
12855	tres-facile
12865	tres-facile
12904	tres-facile
12910	tres-facile
12917	facile
12943	tres-facile
12949	tres-facile
13028	tres-facile
13090	facile
13116	tres-facile
13180	tres-facile
13247	tres-facile
13282	tres-facile
13290	tres-facile
13309	tres-facile
13345	tres-facile
13352	facile
13360	tres-facile
13405	tres-facile
13445	tres-facile
13495	facile
13507	facile
13512	tres-facile
13651	tres-facile
13685	tres-facile
13740	tres-facile
13745	moyennement-difficile
13767	facile
13781	tres-facile
13824	facile
13832	tres-facile
13885	tres-facile
13915	facile
13943	tres-facile
14049	moyennement-difficile
14052	moyennement-difficile
14057	moyennement-difficile
14063	facile
14086	facile
14106	facile
14216	facile
14274	tres-facile
14332	facile
14338	tres-facile
14346	facile
14354	facile
14406	facile
14407	tres-facile
14470	tres-facile
14511	tres-facile
14530	facile
14548	facile
14561	tres-facile
14576	tres-facile
14625	tres-facile
14639	tres-facile
14664	facile
14669	tres-facile
14676	facile
14698	tres-facile
14780	tres-facile
14814	tres-facile
14817	tres-facile
14828	tres-facile
14847	tres-facile
14946	tres-facile
14973	facile
15100	facile
15104	facile
15154	tres-facile
15158	tres-facile
15203	tres-facile
15220	facile
15325	tres-facile
15326	tres-facile
15382	tres-facile
15419	facile
15565	tres-facile
15585	facile
15618	tres-facile
15678	tres-facile
15752	facile
15759	tres-facile
15806	facile
15865	tres-facile
15902	tres-facile
15937	facile
15998	facile
16000	facile
16021	tres-facile
16027	facile
16051	tres-facile
16074	tres-facile
16112	tres-facile
16123	facile
16130	facile
16152	tres-facile
16164	facile
16175	tres-facile
16181	tres-facile
16194	facile
16201	tres-facile
16218	tres-facile
16226	tres-facile
16264	facile
16330	tres-facile
16349	facile
16383	facile
16409	facile
164450	tres-facile
164625	facile
164708	tres-facile
164828	facile
164833	facile
164875	facile
164952	tres-facile
164993	tres-facile
164997	tres-facile
165013	tres-facile
165034	facile
165046	tres-facile
165050	facile
16515	tres-facile
165267	tres-facile
165286	tres-facile
165517	tres-facile
165648	tres-facile
165799	facile
165902	tres-facile
165976	facile
16602	tres-facile
16615	facile
166194	tres-facile
166276	tres-facile
166385	tres-facile
166411	tres-facile
16645	tres-facile
166498	tres-facile
166561	facile
166577	facile
166775	tres-facile
166783	tres-facile
166821	tres-facile
166828	tres-facile
16684	facile
166878	facile
166924	facile
16692	facile
166996	tres-facile
167040	tres-facile
167163	tres-facile
167242	facile
167307	tres-facile
167319	facile
167400	tres-facile
167469	tres-facile
16746	facile
167521	tres-facile
167567	tres-facile
16767	tres-facile
167784	facile
167802	tres-facile
167816	facile
167821	tres-facile
167909	facile
167989	tres-facile
168029	tres-facile
168042	tres-facile
168083	tres-facile
168143	moyennement-difficile
168171	facile
168177	tres-facile
168182	tres-facile
168230	tres-facile
168251	facile
16825	tres-facile
168260	tres-facile
168261	facile
168278	tres-facile
16827	tres-facile
168287	tres-facile
168304	tres-facile
168315	facile
168358	tres-facile
16837	tres-facile
168413	tres-facile
16843	facile
16844	tres-facile
16855	facile
168636	tres-facile
168637	facile
168659	tres-facile
16865	facile
16874	tres-facile
168754	tres-facile
168760	tres-facile
168769	facile
168849	tres-facile
168986	tres-facile
169068	tres-facile
169171	facile
169314	facile
169384	moyennement-difficile
169673	facile
169716	tres-facile
16974	tres-facile
16979	facile
169823	facile
169827	tres-facile
169846	tres-facile
169920	tres-facile
16998	facile
170026	facile
17002	tres-facile
170083	tres-facile
170194	tres-facile
170243	tres-facile
170331	tres-facile
170369	tres-facile
170405	tres-facile
170518	tres-facile
170554	facile
170589	tres-facile
170724	facile
170778	tres-facile
17082	tres-facile
170837	tres-facile
170851	tres-facile
17085	facile
170863	tres-facile
170882	tres-facile
170884	tres-facile
170965	facile
171050	tres-facile
171086	facile
17109	facile
171111	facile
17121	facile
171238	facile
171421	facile
171652	facile
171733	facile
171775	tres-facile
171830	tres-facile
171954	facile
17202	tres-facile
172048	tres-facile
172279	facile
17229	facile
17243	facile
172519	tres-facile
172520	facile
172638	tres-facile
172788	tres-facile
172822	facile
172833	tres-facile
172959	facile
172997	tres-facile
173033	tres-facile
17303	tres-facile
173050	facile
173137	facile
17321	tres-facile
173234	tres-facile
173335	facile
17352	tres-facile
17354	facile
173569	facile
17367	tres-facile
173889	tres-facile
173989	facile
174212	facile
174638	tres-facile
174751	tres-facile
174820	facile
17506	tres-facile
175176	moyennement-difficile
175378	facile
175834	facile
17587	moyennement-difficile
175903	facile
175991	tres-facile
175995	tres-facile
176079	facile
17629	tres-facile
17638	tres-facile
17652	facile
17688	facile
17699	facile
177199	facile
17725	tres-facile
17750	tres-facile
17832	tres-facile
17848	facile
17869	tres-facile
17950	tres-facile
17982	tres-facile
17985	facile
18079	tres-facile
18088	tres-facile
18132	facile
18133	tres-facile
18186	tres-facile
18189	facile
18205	tres-facile
18210	tres-facile
18229	tres-facile
18235	tres-facile
18260	tres-facile
18357	tres-facile
18417	facile
18443	tres-facile
18444	tres-facile
18451	tres-facile
18502	facile
18512	tres-facile
18532	facile
18565	tres-facile
18568	tres-facile
18594	tres-facile
18699	tres-facile
18719	tres-facile
18732	tres-facile
18744	tres-facile
18776	tres-facile
18881	tres-facile
18884	facile
18954	facile
18981	tres-facile
19033	tres-facile
19037	facile
19115	tres-facile
19123	tres-facile
19149	facile
19188	tres-facile
19298	tres-facile
19310	facile
19418	tres-facile
194218	tres-facile
194220	tres-facile
19427	facile
194287	moyennement-difficile
19436	tres-facile
194585	tres-facile
19458	tres-facile
194700	facile
19485	tres-facile
194980	tres-facile
19500	tres-facile
195031	tres-facile
195072	moyennement-difficile
195310	tres-facile
195341	tres-facile
195366	tres-facile
195400	facile
195574	tres-facile
195734	tres-facile
195765	tres-facile
195814	tres-facile
19582	facile
195839	tres-facile
19611	facile
19666	facile
19679	tres-facile
19682	tres-facile
19691	tres-facile
19695	tres-facile
197426	facile
197550	facile
19843	tres-facile
19857	facile
19907	tres-facile
19921	facile
19938	facile
19944	tres-facile
19970	facile
19978	facile
19981	tres-facile
19999	tres-facile
20006	facile
20017	moyennement-difficile
20031	tres-facile
20050	tres-facile
201023	facile
201035	tres-facile
201100	tres-facile
20119	tres-facile
20133	facile
201401	tres-facile
201423	tres-facile
201520	facile
20158	moyennement-difficile
20160	tres-facile
20177	tres-facile
20193	tres-facile
20217	tres-facile
20218	tres-facile
20244	tres-facile
20256	facile
20304	tres-facile
20305	tres-facile
20314	facile
20324	tres-facile
20379	facile
20380	tres-facile
20381	tres-facile
20458	tres-facile
20466	facile
20477	tres-facile
20478	tres-facile
20495	tres-facile
20510	facile
20535	tres-facile
20558	tres-facile
20576	tres-facile
20580	tres-facile
20586	tres-facile
20599	facile
20672	facile
20688	tres-facile
20744	facile
20770	facile
20803	tres-facile
20869	tres-facile
20872	facile
20898	facile
20934	facile
20937	tres-facile
21001	facile
2103	tres-facile
21052	tres-facile
21094	facile
2110	tres-facile
21116	facile
21125	facile
211369	tres-facile
21142	tres-facile
211459	facile
211605	facile
21162	facile
211663	tres-facile
211720	facile
211754	tres-facile
21177	tres-facile
21180	facile
21189	tres-facile
21194	tres-facile
212008	tres-facile
212121	facile
21229	tres-facile
212442	facile
212472	tres-facile
212492	tres-facile
21254	facile
21255	tres-facile
212586	facile
212768	facile
21282	facile
212886	facile
21289	facile
21294	tres-facile
21302	facile
213032	facile
21315	tres-facile
21318	facile
21396	tres-facile
21419	tres-facile
21442	facile
21454	facile
21470	facile
214900	facile
214910	facile
214932	facile
21637	facile
217040	facile
217114	facile
217179	tres-facile
217225	tres-facile
21723	tres-facile
217250	tres-facile
217383	facile
217429	tres-facile
21748	facile
21755	tres-facile
217562	tres-facile
217600	tres-facile
217656	facile
217697	tres-facile
21769	tres-facile
217844	facile
217852	facile
217943	facile
21805	tres-facile
218230	tres-facile
218235	facile
218260	facile
218265	tres-facile
218277	facile
21828	facile
218399	tres-facile
218434	facile
218444	facile
218473	tres-facile
218492	tres-facile
21852	tres-facile
218564	facile
218597	facile
218723	facile
218817	tres-facile
218930	tres-facile
219082	tres-facile
219167	facile
21936	facile
219651	tres-facile
219680	facile
219738	facile
219761	tres-facile
21979	tres-facile
21980	tres-facile
219813	facile
219865	tres-facile
219906	facile
220103	tres-facile
22015	tres-facile
220206	facile
22025	tres-facile
220275	tres-facile
220349	facile
220372	tres-facile
220401	facile
220489	tres-facile
220577	facile
22084	facile
220937	tres-facile
22095	facile
220973	moyennement-difficile
220981	tres-facile
22109	facile
221187	tres-facile
221212	tres-facile
22124	facile
221329	tres-facile
221348	tres-facile
22152	facile
221563	facile
221661	tres-facile
22168	tres-facile
221714	facile
22172	tres-facile
221761	tres-facile
221847	facile
221990	facile
222025	tres-facile
222125	tres-facile
222142	facile
222219	facile
222232	facile
22233	tres-facile
222341	moyennement-difficile
22234	facile
222364	facile
222392	tres-facile
22241	tres-facile
222438	facile
222580	facile
222610	tres-facile
222654	tres-facile
222747	tres-facile
222895	tres-facile
222925	tres-facile
223016	tres-facile
22301	tres-facile
223486	facile
223505	tres-facile
22353	tres-facile
223544	tres-facile
223562	facile
223626	tres-facile
223629	facile
223698	facile
223733	facile
223774	tres-facile
223784	facile
223850	tres-facile
22396	tres-facile
223979	facile
224001	tres-facile
224016	facile
22403	facile
224076	tres-facile
224144	facile
22422	moyennement-difficile
224256	facile
224308	tres-facile
22430	tres-facile
22442	tres-facile
22447	facile
224523	facile
224602	tres-facile
224651	facile
22474	facile
224952	tres-facile
224962	tres-facile
224973	facile
224996	tres-facile
225042	facile
225142	tres-facile
225439	tres-facile
22552	facile
225618	tres-facile
225663	tres-facile
225717	tres-facile
225880	tres-facile
225890	facile
225908	tres-facile
22599	tres-facile
22635	tres-facile
22662	facile
22739	facile
22740	tres-facile
227614	tres-facile
227706	tres-facile
22775	tres-facile
227768	tres-facile
227872	tres-facile
227889	tres-facile
227898	tres-facile
227921	tres-facile
227966	tres-facile
22800	tres-facile
228010	facile
228042	tres-facile
228104	facile
228153	tres-facile
228177	tres-facile
228253	tres-facile
228265	facile
228281	tres-facile
228297	tres-facile
228344	tres-facile
22840	facile
22859	tres-facile
228689	facile
228704	tres-facile
229028	facile
229112	tres-facile
22911	tres-facile
229141	facile
229273	facile
22931	facile
229397	tres-facile
229413	tres-facile
229454	tres-facile
229484	tres-facile
22950	tres-facile
229538	tres-facile
229539	tres-facile
229543	facile
229550	tres-facile
229629	tres-facile
22964	facile
229682	facile
22972	facile
229785	tres-facile
229821	tres-facile
229833	tres-facile
229916	tres-facile
229947	facile
230036	tres-facile
230045	facile
230050	facile
230128	tres-facile
23016	tres-facile
230214	tres-facile
23036	tres-facile
23048	tres-facile
23072	facile
23083	tres-facile
23145	facile
23197	tres-facile
23233	facile
23261	tres-facile
23282	tres-facile
23306	tres-facile
23328	facile
23349	tres-facile
23361	facile
23408	tres-facile
23442	tres-facile
23454	tres-facile
23462	tres-facile
23495	tres-facile
23500	facile
23502	facile
23530	facile
23548	tres-facile
23569	tres-facile
23593	facile
23597	facile
23603	facile
23613	facile
23648	tres-facile
23658	tres-facile
23668	facile
23684	facile
23735	facile
23755	tres-facile
23762	tres-facile
23772	tres-facile
23795	tres-facile
23834	facile
23881	tres-facile
23903	tres-facile
23990	tres-facile
24005	facile
24038	tres-facile
24068	facile
24070	facile
24096	moyennement-difficile
24174	facile
24185	facile
24207	tres-facile
24234	tres-facile
24235	tres-facile
24243	tres-facile
24247	facile
24248	tres-facile
24270	tres-facile
24271	tres-facile
24287	facile
24321	tres-facile
24333	facile
24334	facile
24365	tres-facile
24373	facile
24374	facile
24389	tres-facile
24395	tres-facile
24406	facile
24428	tres-facile
24435	facile
24441	tres-facile
24475	tres-facile
24483	tres-facile
24508	tres-facile
24529	facile
24539	tres-facile
24557	facile
24589	moyennement-difficile
24593	facile
24632	tres-facile
24659	tres-facile
24667	tres-facile
24677	tres-facile
24711	facile
24735	facile
24773	facile
24811	facile
24832	facile
24882	facile
24884	tres-facile
24934	facile
24937	tres-facile
24961	facile
24996	tres-facile
25041	tres-facile
25080	facile
25093	facile
25094	facile
25108	facile
25143	facile
25151	tres-facile
25164	facile
25174	tres-facile
25184	tres-facile
25199	facile
25247	facile
25274	tres-facile
25333	tres-facile
25344	facile
25356	facile
25362	facile
25374	tres-facile
25382	tres-facile
25386	facile
25395	facile
25407	tres-facile
25410	facile
25415	facile
25483	facile
25553	facile
25648	facile
25706	facile
25731	facile
25775	tres-facile
25785	facile
25802	tres-facile
25808	tres-facile
25812	facile
25829	tres-facile
25868	tres-facile
25869	facile
25870	tres-facile
25893	tres-facile
25899	tres-facile
25901	tres-facile
25908	facile
25914	tres-facile
25918	facile
25921	facile
25948	facile
25960	tres-facile
25990	facile
26014	tres-facile
26028	tres-facile
26037	facile
26047	facile
26074	moyennement-difficile
26125	tres-facile
26134	tres-facile
26189	tres-facile
26192	facile
26214	tres-facile
26242	tres-facile
26245	facile
26273	facile
26297	tres-facile
26306	tres-facile
26408	tres-facile
26423	tres-facile
26435	facile
26455	facile
26485	tres-facile
26486	facile
26489	facile
26502	tres-facile
26511	tres-facile
26529	facile
26543	tres-facile
26566	facile
26601	tres-facile
26637	facile
26644	facile
26693	tres-facile
26815	tres-facile
26852	facile
26860	tres-facile
26867	facile
26933	tres-facile
26960	tres-facile
26998	tres-facile
27050	tres-facile
27054	tres-facile
27064	tres-facile
27083	facile
27144	tres-facile
27194	tres-facile
27224	tres-facile
27229	facile
2727	tres-facile
27288	tres-facile
27321	tres-facile
27409	facile
27428	facile
27431	tres-facile
27441	facile
27460	facile
27474	tres-facile
27488	tres-facile
27494	tres-facile
27503	tres-facile
27521	tres-facile
27533	tres-facile
27569	facile
27579	facile
27589	tres-facile
27601	facile
27714	tres-facile
27728	tres-facile
27747	tres-facile
27807	tres-facile
27861	facile
27863	tres-facile
27878	facile
27908	facile
27917	tres-facile
27923	facile
27980	tres-facile
27994	facile
28058	facile
28117	tres-facile
28126	tres-facile
28149	facile
28152	tres-facile
28153	facile
28164	facile
28180	tres-facile
28208	tres-facile
28237	facile
28238	facile
28278	tres-facile
28280	tres-facile
28296	facile
28300	tres-facile
28328	facile
28357	tres-facile
28368	facile
28380	facile
28387	tres-facile
28391	tres-facile
28506	tres-facile
28522	tres-facile
28546	facile
28559	facile
28563	tres-facile
28568	facile
28595	facile
28623	facile
28629	tres-facile
28636	facile
28643	facile
28648	facile
28651	facile
28682	tres-facile
28710	facile
28727	facile
28730	tres-facile
28731	tres-facile
28757	facile
28775	tres-facile
28776	tres-facile
28802	tres-facile
28855	facile
28874	facile
28909	facile
28918	tres-facile
28931	tres-facile
28943	facile
28974	tres-facile
29000	facile
29036	tres-facile
29050	facile
29099	facile
29134	tres-facile
29156	tres-facile
29159	tres-facile
29161	tres-facile
29172	facile
29216	facile
29252	tres-facile
29254	facile
29306	facile
29317	facile
29339	tres-facile
29372	tres-facile
29440	facile
29478	tres-facile
29498	facile
29508	tres-facile
29540	tres-facile
29549	tres-facile
29566	tres-facile
29618	facile
29626	tres-facile
29627	facile
29638	tres-facile
29664	facile
29684	tres-facile
29687	tres-facile
29730	tres-facile
29751	facile
29752	tres-facile
29772	facile
29811	tres-facile
29816	tres-facile
29889	tres-facile
29932	tres-facile
29936	tres-facile
29947	facile
30002	facile
30062	facile
30147	facile
30168	tres-facile
30190	facile
30225	tres-facile
30242	facile
30257	facile
30268	facile
30281	facile
30317	tres-facile
30355	tres-facile
30364	tres-facile
30395	facile
30440	tres-facile
30494	facile
30501	facile
30519	facile
30527	tres-facile
30545	facile
30576	tres-facile
30619	tres-facile
30628	tres-facile
30673	facile
30685	facile
30743	tres-facile
30746	tres-facile
30790	tres-facile
30820	tres-facile
30843	facile
30876	tres-facile
31073	tres-facile
31077	tres-facile
31115	tres-facile
31214	facile
31219	tres-facile
31259	tres-facile
31294	tres-facile
31373	tres-facile
31448	facile
31478	moyennement-difficile
31510	tres-facile
31563	facile
31569	tres-facile
31642	tres-facile
31669	tres-facile
31711	tres-facile
31746	facile
31747	tres-facile
31750	tres-facile
31793	facile
31824	tres-facile
31825	facile
31884	facile
31892	tres-facile
31917	facile
31946	tres-facile
32027	facile
32032	tres-facile
32091	tres-facile
32162	tres-facile
32167	tres-facile
32174	tres-facile
32188	facile
32301	facile
32384	tres-facile
32441	tres-facile
32504	moyennement-difficile
32515	tres-facile
32532	facile
32623	facile
32652	facile
32698	tres-facile
32729	tres-facile
32769	tres-facile
32819	tres-facile
32892	facile
32896	tres-facile
32906	facile
32929	facile
32931	tres-facile
32961	tres-facile
33193	facile
33208	tres-facile
33249	tres-facile
33304	facile
33369	facile
33456	tres-facile
33484	tres-facile
33488	tres-facile
33506	facile
33702	tres-facile
33848	facile
33869	tres-facile
33891	tres-facile
33907	facile
34007	facile
34035	facile
34079	facile
34145	tres-facile
34166	tres-facile
34169	facile
34209	tres-facile
34210	facile
34266	facile
34293	tres-facile
34305	facile
34306	facile
34320	tres-facile
34355	tres-facile
34437	tres-facile
34445	tres-facile
34463	tres-facile
34504	facile
34513	facile
34590	facile
34709	facile
34886	facile
34913	tres-facile
34982	tres-facile
34991	facile
34995	tres-facile
35049	tres-facile
35104	tres-facile
35159	tres-facile
35180	tres-facile
35204	tres-facile
35229	facile
35296	tres-facile
35329	tres-facile
35454	tres-facile
35470	facile
35483	tres-facile
35495	tres-facile
35515	tres-facile
35550	tres-facile
35557	tres-facile
35588	tres-facile
35637	tres-facile
35731	tres-facile
35773	facile
36052	tres-facile
36067	facile
36088	moyennement-difficile
36149	facile
36155	tres-facile
36271	tres-facile
36274	tres-facile
36278	tres-facile
36284	facile
36342	facile
36350	tres-facile
36397	tres-facile
36442	tres-facile
36507	tres-facile
36532	tres-facile
36574	tres-facile
36689	tres-facile
36703	facile
36739	tres-facile
36758	facile
36765	facile
36803	tres-facile
36831	tres-facile
36989	tres-facile
37000	facile
37032	facile
37073	tres-facile
37085	facile
37100	tres-facile
37113	tres-facile
37127	tres-facile
37135	facile
37157	tres-facile
37202	tres-facile
37210	tres-facile
37220	facile
37225	tres-facile
37255	tres-facile
37262	tres-facile
37268	tres-facile
37451	tres-facile
37466	tres-facile
37474	facile
37502	tres-facile
37524	facile
37530	tres-facile
37545	tres-facile
37557	tres-facile
37652	facile
37668	tres-facile
37716	facile
37760	facile
37785	facile
37824	tres-facile
37916	tres-facile
37922	facile
37966	tres-facile
37971	facile
38007	tres-facile
38017	tres-facile
38082	tres-facile
38163	tres-facile
38198	facile
38200	tres-facile
38208	facile
38228	tres-facile
38243	tres-facile
38418	facile
38450	tres-facile
38468	facile
38486	facile
38496	tres-facile
38593	tres-facile
38610	moyennement-difficile
38642	tres-facile
38644	tres-facile
38677	tres-facile
38727	tres-facile
38750	facile
38766	tres-facile
38802	facile
38806	tres-facile
38810	tres-facile
39009	tres-facile
39027	facile
39085	tres-facile
39126	tres-facile
39154	tres-facile
39180	tres-facile
39192	tres-facile
39218	facile
39256	facile
39323	facile
39350	tres-facile
39385	facile
39451	tres-facile
39496	facile
39611	tres-facile
39633	facile
39637	facile
39648	tres-facile
39766	facile
39840	tres-facile
39844	tres-facile
39874	facile
39910	tres-facile
39928	facile
39957	tres-facile
39970	tres-facile
40000	tres-facile
40107	tres-facile
40141	moyennement-difficile
40156	tres-facile
40263	tres-facile
40418	moyennement-difficile
40419	tres-facile
40581	tres-facile
40614	facile
40674	tres-facile
40720	tres-facile
40748	tres-facile
40978	facile
41065	facile
41096	tres-facile
41119	facile
41149	tres-facile
41189	tres-facile
41246	tres-facile
41301	facile
41362	tres-facile
41363	moyennement-difficile
41389	facile
41481	tres-facile
41578	tres-facile
41586	tres-facile
41605	facile
41658	tres-facile
41664	facile
41700	facile
41744	facile
41768	facile
41872	facile
41951	tres-facile
41963	facile
42084	facile
42221	facile
42276	tres-facile
42338	facile
42341	tres-facile
42491	tres-facile
42849	tres-facile
42959	tres-facile
42995	facile
43104	tres-facile
43134	tres-facile
43210	facile
43243	facile
43354	facile
43377	facile
43378	facile
43413	tres-facile
43458	tres-facile
43473	facile
43519	facile
43536	facile
43583	difficile
43597	moyennement-difficile
43629	facile
43712	facile
43928	tres-facile
43947	facile
43965	moyennement-difficile
44078	facile
44100	tres-facile
44147	facile
44182	facile
44254	tres-facile
44294	tres-facile
44327	tres-facile
44342	facile
44384	tres-facile
44477	tres-facile
44487	facile
44505	tres-facile
44516	tres-facile
44632	tres-facile
44633	moyennement-difficile
44656	facile
44681	tres-facile
44690	tres-facile
44695	facile
44749	facile
44797	facile
44809	tres-facile
45042	facile
45142	tres-facile
45219	facile
45247	facile
45339	tres-facile
45403	tres-facile
45404	tres-facile
45469	tres-facile
45582	tres-facile
45586	facile
45645	facile
45691	tres-facile
45711	tres-facile
45712	facile
45743	moyennement-difficile
45754	facile
45768	facile
45781	tres-facile
45910	tres-facile
45933	facile
45984	tres-facile
45989	facile
46000	tres-facile
46013	tres-facile
46079	tres-facile
46086	facile
46136	tres-facile
46213	facile
46247	tres-facile
46277	facile
46320	tres-facile
46398	facile
46406	tres-facile
46423	tres-facile
46428	tres-facile
46457	tres-facile
46490	tres-facile
46493	tres-facile
46501	facile
46506	facile
46520	facile
46526	facile
46536	facile
46584	tres-facile
46767	facile
46874	facile
46885	facile
46903	tres-facile
46963	facile
46990	tres-facile
47037	tres-facile
47088	facile
47131	facile
47140	facile
47190	tres-facile
47231	tres-facile
47241	facile
47397	facile
47503	tres-facile
47593	facile
47649	tres-facile
47675	facile
47748	facile
47770	tres-facile
47789	tres-facile
47821	tres-facile
47849	tres-facile
47868	tres-facile
47876	facile
47950	facile
48043	tres-facile
48285	tres-facile
48295	tres-facile
48327	moyennement-difficile
48353	tres-facile
48371	facile
48374	facile
48402	facile
48536	facile
48644	tres-facile
48676	facile
48754	tres-facile
48764	tres-facile
48869	facile
48899	tres-facile
48920	tres-facile
48987	tres-facile
49025	tres-facile
49036	facile
49075	facile
49097	tres-facile
49103	tres-facile
49267	facile
49288	tres-facile
49317	tres-facile
49540	facile
49556	facile
49583	facile
49590	tres-facile
49654	tres-facile
49669	facile
49692	tres-facile
49700	tres-facile
49735	facile
49787	tres-facile
49859	tres-facile
49913	tres-facile
49926	facile
49981	tres-facile
50031	tres-facile
50197	tres-facile
50261	tres-facile
50357	facile
50442	tres-facile
50578	facile
50596	facile
50608	tres-facile
50630	facile
50645	facile
50648	facile
50663	tres-facile
50694	tres-facile
50705	facile
50719	tres-facile
50811	tres-facile
50835	tres-facile
50839	facile
50843	facile
50911	tres-facile
50951	facile
50973	facile
50995	facile
51076	facile
51222	facile
51280	tres-facile
51284	tres-facile
51589	tres-facile
51619	facile
51641	facile
51684	facile
51691	tres-facile
51737	tres-facile
51852	tres-facile
51871	tres-facile
51911	tres-facile
52008	tres-facile
52064	tres-facile
52078	tres-facile
52082	tres-facile
52197	tres-facile
52207	tres-facile
52232	tres-facile
52247	tres-facile
52276	facile
52359	facile
52392	facile
52456	tres-facile
52540	facile
52581	facile
52584	tres-facile
52608	tres-facile
52637	tres-facile
52704	facile
52728	tres-facile
52729	tres-facile
52770	facile
52771	tres-facile
52833	tres-facile
52863	tres-facile
53201	tres-facile
53292	moyennement-difficile
53297	tres-facile
53399	facile
53401	facile
53519	facile
53528	tres-facile
53545	facile
53550	tres-facile
53573	facile
53576	tres-facile
53614	tres-facile
5365	tres-facile
53682	facile
53696	tres-facile
53767	tres-facile
53774	tres-facile
53792	facile
53874	facile
54018	facile
54038	tres-facile
54055	tres-facile
54145	tres-facile
54182	tres-facile
54199	tres-facile
54242	facile
54388	tres-facile
54389	facile
54609	tres-facile
54671	facile
54819	facile
54838	facile
54875	tres-facile
54927	tres-facile
54955	tres-facile
54966	tres-facile
54974	tres-facile
54992	tres-facile
55040	tres-facile
55128	tres-facile
55239	facile
55269	tres-facile
55383	tres-facile
55407	tres-facile
55471	tres-facile
55496	tres-facile
55518	tres-facile
55527	tres-facile
55594	tres-facile
55639	facile
55690	facile
55746	facile
55758	facile
55788	tres-facile
55953	facile
55967	moyennement-difficile
55992	facile
56035	tres-facile
56046	tres-facile
56142	tres-facile
56150	tres-facile
56199	facile
56255	facile
56268	tres-facile
56273	facile
56359	tres-facile
56421	tres-facile
56463	facile
56491	facile
56502	facile
56511	tres-facile
56527	facile
56538	tres-facile
56584	tres-facile
56646	tres-facile
56650	facile
56651	facile
56750	facile
56757	facile
56769	tres-facile
56847	tres-facile
56870	facile
56915	tres-facile
56919	facile
56937	tres-facile
56970	facile
56997	tres-facile
57082	facile
57214	facile
57273	tres-facile
57283	facile
57322	tres-facile
57378	tres-facile
57412	facile
57500	tres-facile
57519	tres-facile
57531	tres-facile
57665	tres-facile
57706	tres-facile
57741	tres-facile
57783	tres-facile
57835	tres-facile
57846	facile
58068	facile
58114	tres-facile
58115	tres-facile
58120	tres-facile
58126	moyennement-difficile
58137	facile
58147	tres-facile
58157	tres-facile
58209	facile
58302	tres-facile
58307	tres-facile
58316	tres-facile
58342	tres-facile
58346	tres-facile
58420	tres-facile
58425	tres-facile
58453	facile
58458	tres-facile
58463	tres-facile
58465	tres-facile
58624	facile
58643	facile
58692	tres-facile
58738	facile
58781	tres-facile
58884	facile
5890	tres-facile
58941	tres-facile
59006	tres-facile
59028	facile
59108	tres-facile
59131	tres-facile
59193	tres-facile
59199	facile
59296	facile
59334	facile
59378	facile
59439	tres-facile
59530	facile
59558	tres-facile
59724	facile
59886	facile
59889	tres-facile
59921	tres-facile
59962	tres-facile
59971	tres-facile
60207	facile
60220	facile
60291	tres-facile
60297	facile
60321	tres-facile
60349	facile
60367	facile
60419	tres-facile
60443	facile
60464	tres-facile
60521	facile
60532	facile
60556	facile
60566	tres-facile
60634	facile
60664	facile
60668	tres-facile
60751	facile
60813	tres-facile
60854	facile
60881	tres-facile
60977	tres-facile
61079	facile
61214	tres-facile
61365	tres-facile
61383	tres-facile
61395	facile
61400	tres-facile
61500	tres-facile
61553	facile
61695	facile
61884	tres-facile
61930	tres-facile
61931	facile
62072	facile
62081	tres-facile
62194	tres-facile
62241	tres-facile
62278	facile
62306	tres-facile
6230	tres-facile
62328	tres-facile
62336	facile
62393	facile
62472	tres-facile
62586	tres-facile
62594	facile
62642	facile
62730	facile
62764	facile
62793	facile
62875	moyennement-difficile
62897	tres-facile
62931	tres-facile
63033	facile
63071	tres-facile
63072	tres-facile
63075	tres-facile
63093	facile
63137	facile
63143	tres-facile
63152	tres-facile
63190	facile
63268	tres-facile
63293	tres-facile
63312	tres-facile
63337	tres-facile
63347	tres-facile
63500	tres-facile
63507	tres-facile
63524	facile
63580	tres-facile
63583	tres-facile
63610	facile
63691	tres-facile
63692	facile
63704	facile
63770	tres-facile
63788	facile
63850	tres-facile
63869	tres-facile
63961	tres-facile
63983	tres-facile
63994	facile
64050	tres-facile
64127	facile
64146	facile
64241	facile
64271	tres-facile
64277	tres-facile
64313	tres-facile
64354	tres-facile
64364	tres-facile
64376	tres-facile
64398	tres-facile
64448	tres-facile
64478	tres-facile
64523	facile
64528	tres-facile
64536	tres-facile
64590	tres-facile
64655	tres-facile
64742	facile
64765	tres-facile
64819	tres-facile
64857	tres-facile
64893	moyennement-difficile
64915	tres-facile
64934	facile
64942	tres-facile
65048	tres-facile
65127	tres-facile
65141	tres-facile
65288	tres-facile
65290	facile
65303	tres-facile
65326	facile
65365	tres-facile
65392	facile
65438	facile
65440	facile
65455	facile
65472	tres-facile
65570	facile
65695	facile
65717	tres-facile
65738	tres-facile
65759	tres-facile
65776	tres-facile
65779	tres-facile
65824	facile
65889	facile
65901	facile
65945	tres-facile
65957	tres-facile
65971	tres-facile
66062	tres-facile
66094	tres-facile
66105	tres-facile
66121	tres-facile
66167	tres-facile
66195	facile
66213	facile
66225	facile
66255	tres-facile
66299	tres-facile
66315	tres-facile
66335	tres-facile
66378	moyennement-difficile
66408	tres-facile
66451	tres-facile
66460	facile
66474	tres-facile
66592	facile
66629	facile
66688	facile
66758	tres-facile
66808	tres-facile
66830	facile
66891	tres-facile
66965	tres-facile
66997	tres-facile
67013	facile
67037	tres-facile
67040	tres-facile
67074	facile
67139	tres-facile
67161	tres-facile
67180	tres-facile
67204	tres-facile
67226	tres-facile
67277	facile
67278	facile
67279	tres-facile
67288	tres-facile
67301	facile
67315	moyennement-difficile
67331	tres-facile
67431	tres-facile
67462	tres-facile
67463	tres-facile
67469	tres-facile
67514	facile
67569	tres-facile
67635	tres-facile
67684	facile
67714	facile
67807	facile
67873	facile
67883	facile
67909	tres-facile
67973	facile
68060	facile
68064	tres-facile
68078	tres-facile
68089	facile
68090	moyennement-difficile
68118	tres-facile
68165	tres-facile
68217	facile
68298	tres-facile
68363	facile
68364	facile
68393	tres-facile
68400	facile
68425	facile
68428	tres-facile
68429	facile
68437	tres-facile
68455	tres-facile
68558	facile
68561	facile
68574	tres-facile
68656	tres-facile
68665	facile
68676	tres-facile
68727	facile
68761	tres-facile
68772	tres-facile
68805	facile
68867	tres-facile
68950	tres-facile
69050	facile
69076	tres-facile
69167	tres-facile
69228	tres-facile
69240	facile
69345	facile
69424	tres-facile
69530	facile
69561	facile
69584	tres-facile
69626	facile
69635	facile
69716	facile
69758	tres-facile
69807	facile
69826	facile
69861	facile
69880	facile
70025	tres-facile
70098	tres-facile
70108	moyennement-difficile
70114	tres-facile
70135	facile
70151	facile
70161	facile
70196	facile
70272	tres-facile
70420	tres-facile
70421	tres-facile
70447	facile
70485	facile
70517	tres-facile
70540	tres-facile
70716	tres-facile
70751	tres-facile
70843	tres-facile
70858	facile
70865	tres-facile
70907	facile
70939	tres-facile
70983	facile
71039	tres-facile
71050	tres-facile
71091	tres-facile
71092	facile
71104	tres-facile
71161	tres-facile
71170	tres-facile
71233	facile
71251	tres-facile
71260	tres-facile
71349	tres-facile
71351	tres-facile
71394	moyennement-difficile
71482	tres-facile
71597	tres-facile
71625	facile
71650	tres-facile
71718	tres-facile
71728	facile
71800	tres-facile
71844	facile
71859	tres-facile
71860	facile
71874	tres-facile
71924	tres-facile
71975	facile
72040	tres-facile
72067	tres-facile
72078	tres-facile
72104	facile
72128	facile
72136	facile
72145	tres-facile
72188	tres-facile
72208	tres-facile
72310	moyennement-difficile
72319	tres-facile
72323	tres-facile
72344	tres-facile
72386	tres-facile
72487	tres-facile
72545	facile
72553	tres-facile
72594	tres-facile
72617	tres-facile
72737	facile
72753	tres-facile
72828	tres-facile
72922	facile
72931	tres-facile
72954	tres-facile
73046	tres-facile
73123	tres-facile
73220	facile
73246	facile
73289	tres-facile
73348	facile
73372	tres-facile
73472	tres-facile
73534	tres-facile
73555	tres-facile
73581	tres-facile
73624	tres-facile
73694	tres-facile
73695	tres-facile
73728	facile
73737	tres-facile
73746	tres-facile
73771	tres-facile
73777	facile
73792	tres-facile
73798	tres-facile
73880	facile
73884	tres-facile
73889	tres-facile
73893	tres-facile
73906	facile
73931	facile
80029	tres-facile
80033	tres-facile
80254	tres-facile
80304	tres-facile
80309	tres-facile
80372	facile
80443	tres-facile
80452	facile
80560	tres-facile
80633	facile
80696	facile
80712	facile
80781	facile
80804	tres-facile
80839	tres-facile
80857	tres-facile
80899	facile
80931	tres-facile
80970	tres-facile
81009	tres-facile
81021	tres-facile
81028	facile
81048	tres-facile
81084	tres-facile
81105	moyennement-difficile
81211	tres-facile
81241	tres-facile
81252	tres-facile
81262	tres-facile
81303	tres-facile
81331	facile
81341	facile
81377	facile
81474	tres-facile
81482	tres-facile
81495	facile
81535	tres-facile
81537	tres-facile
81592	tres-facile
81687	tres-facile
81739	facile
81765	tres-facile
81807	facile
81854	tres-facile
81879	tres-facile
81921	tres-facile
81952	tres-facile
82033	tres-facile
82049	facile
82053	facile
82148	tres-facile
82155	facile
82186	tres-facile
82235	facile
82253	tres-facile
82262	facile
82365	tres-facile
82369	tres-facile
82392	tres-facile
82447	tres-facile
82484	tres-facile
82498	tres-facile
82544	facile
82571	facile
82599	tres-facile
82605	tres-facile
82622	tres-facile
82644	tres-facile
82711	tres-facile
82758	tres-facile
82794	facile
82825	facile
82880	facile
82935	facile
82942	tres-facile
82947	tres-facile
83019	facile
83112	tres-facile
83122	tres-facile
83233	tres-facile
83256	tres-facile
83296	facile
83304	facile
83439	tres-facile
83464	facile
83520	facile
83521	facile
83535	tres-facile
83554	facile
83569	tres-facile
83576	facile
83585	tres-facile
83597	facile
83609	tres-facile
83636	facile
83682	tres-facile
83695	tres-facile
83846	tres-facile
83970	tres-facile
83971	facile
84031	facile
84068	tres-facile
84079	facile
84307	facile
84336	tres-facile
84394	tres-facile
84860	tres-facile
84893	tres-facile
84901	facile
84972	tres-facile
85096	facile
85101	tres-facile
85135	facile
85138	facile
85158	facile
85161	tres-facile
85179	tres-facile
85255	tres-facile
85345	facile
85370	facile
85371	tres-facile
85415	tres-facile
85424	tres-facile
85475	tres-facile
85494	facile
85511	tres-facile
85717	tres-facile
85757	tres-facile
85839	tres-facile
85901	tres-facile
85993	tres-facile
86038	tres-facile
86187	tres-facile
86330	tres-facile
86340	tres-facile
86371	tres-facile
86498	tres-facile
86573	tres-facile
86597	tres-facile
86599	tres-facile
86606	tres-facile
86612	tres-facile
86644	tres-facile
86838	tres-facile
87005	tres-facile
87059	tres-facile
87121	tres-facile
87152	tres-facile
87243	tres-facile
87337	tres-facile
87348	tres-facile
87382	tres-facile
87407	tres-facile
87424	tres-facile
87434	tres-facile
87465	tres-facile
87520	tres-facile
87555	facile
87616	facile
87665	tres-facile
87675	tres-facile
87702	tres-facile
87705	tres-facile
87724	tres-facile
87733	tres-facile
87768	facile
87793	facile
87797	tres-facile
87798	tres-facile
87890	facile
87948	facile
88222	facile
88485	facile
88803	tres-facile
88934	tres-facile
89142	tres-facile
89848	tres-facile
89927	tres-facile
89944	facile
90048	facile
90210	tres-facile
90293	tres-facile
90395	facile
90475	tres-facile
90557	facile
90735	facile
91065	tres-facile
91070	tres-facile
91173	tres-facile
91330	tres-facile
91348	tres-facile
91389	tres-facile
91561	moyennement-difficile
91694	facile
91733	tres-facile
91744	tres-facile
91922	tres-facile
91966	tres-facile
91982	tres-facile
92039	facile
92236	tres-facile
92353	facile
92381	tres-facile
92402	tres-facile
92505	facile
92546	tres-facile
92567	tres-facile
92573	tres-facile
92617	tres-facile
92735	tres-facile
92771	tres-facile
92827	tres-facile
92894	tres-facile
92965	facile
93154	tres-facile
93199	tres-facile
93240	tres-facile
93258	tres-facile
93430	facile
93482	tres-facile
93509	tres-facile
93591	tres-facile
93637	tres-facile
93735	facile
93815	tres-facile
93834	tres-facile
94141	facile
94305	facile
94488	tres-facile
94547	tres-facile
94552	tres-facile
94562	facile
94642	facile
94775	facile
94816	tres-facile
94913	facile
94983	tres-facile
94999	tres-facile
95020	tres-facile
95093	tres-facile
95219	facile
95231	tres-facile
95236	tres-facile
95572	facile
95583	tres-facile
95671	tres-facile
95757	tres-facile
95827	facile
95868	facile
95948	facile
96142	tres-facile
96149	tres-facile
96247	facile
